sequence,solubility,affinity
MAQCP,2.2459999999999996,4.6964
FWRHA,2.6660000000000013,7.81321
CLADM,-4.378,4.98358
LCKTA,-1.5440000000000005,5.20304
TFEDV,6.402,5.83592
ERRTM,5.975999999999999,6.5898900000000005
TPLVG,-6.104,4.866720000000001
KTMWK,8.36,7.6007
PACQR,4.016,4.90629
CNQMG,3.1820000000000004,4.78
GCQYM,2.1740000000000004,5.75367
MDPDG,7.49,4.26518
VMKFT,0.5219999999999998,6.98216
SCAEQ,2.6100000000000003,4.35982
CYWEF,3.566,7.93689
GYIQC,4.526,5.834
KQKWG,6.846000000000001,6.82412
CVLRA,-4.992000000000001,5.84406
NMSHR,7.822000000000002,5.644159999999999
GVLVW,-14.012,6.2648
APFLQ,-0.6360000000000001,6.07408
MNHIV,-4.930000000000001,6.21144
WQLDY,9.6,7.081440000000001
WQMMD,6.088000000000001,7.02059
SLSLA,-5.784,4.7579
EAYWT,6.548,6.78813
ERWYR,10.896,8.73035
IRSSN,8.222,5.02046
ILQWH,-2.5260000000000007,7.82958
CLPCE,0.4060000000000006,5.0656
VMHLN,2.152000000000001,6.42864
CEKCC,2.64,5.18688
RMCYW,4.516,7.62031
RCFCN,2.8600000000000003,5.614599999999999
YKIST,6.364000000000001,6.222300000000001
DRHHI,5.721999999999999,6.61437
PFVRH,2.784,6.78451
EWCDH,9.21,6.22939
HQCYH,6.287999999999999,6.380879999999999
WKRVT,7.796,7.3498
VYTDI,2.51,6.0512999999999995
CHRGV,1.316,5.02319
QSIHV,4.768000000000001,5.684570000000001
VKPDQ,8.097999999999999,5.48923
VKLPR,10.616,6.47628
KLWDV,9.198,7.24921
RDKFC,4.684000000000001,6.44545
NWCKM,7.872000000000001,6.76762
HKLYC,5.286,7.134219999999999
PCGFQ,3.344,4.76829
ESRIV,2.07,5.91911
VRCQY,10.450000000000001,6.36341
WWGDT,5.616000000000001,6.24555
PMVFA,-11.628,5.97248
TQFYN,6.248000000000001,6.83782
NNKQM,4.92,5.88514
PCMQI,1.29,5.74988
YTRHQ,6.127999999999999,6.61412
ASMQP,2.5620000000000003,4.81296
KHARW,11.026,6.854889999999999
YLTKN,4.223999999999999,6.48302
NEWSW,5.812000000000001,6.59892
WCCNS,0.5500000000000003,4.98914
WHMDY,8.160000000000002,7.197660000000001
WVTWA,-1.2580000000000005,6.81984
PEYTW,5.561999999999999,6.6543
TQSNW,5.28,5.40517
WCTIE,4.56,6.15124
SCADE,4.11,3.99606
WVQMG,4.138000000000001,6.20058
VLYNV,-6.094,6.562200000000001
DVQNH,10.290000000000001,5.38412
PEMLG,0.4099999999999997,5.42992
KQPAY,5.494,5.526400000000001
LPPFG,-0.5760000000000001,5.1043199999999995
RFEET,13.559999999999999,6.58493
PEEHH,7.141999999999999,5.84069
QNHYF,2.1659999999999995,6.952500000000001
YMELA,2.456,6.4691399999999994
QHKFI,-0.9319999999999999,7.416269999999999
HCIYS,-1.048,6.055009999999999
DRLME,9.296,6.66507
TSFCD,1.9460000000000002,4.85135
ACITR,-4.530000000000001,5.25768
HMDFI,1.486000000000001,6.75863
CFASS,-6.648000000000001,4.39891
NHDVL,-1.4720000000000004,5.616149999999999
RCTIT,4.4799999999999995,5.48672
FVKVW,1.3359999999999994,7.478400000000001
MPLTL,-2.8719999999999994,5.86744
WPIQC,5.252,6.275939999999999
MSLMQ,-1.8419999999999992,5.9875
RQQEL,6.5699999999999985,6.4498999999999995
NCFPR,4.746,5.678039999999999
HLHCH,10.704,6.18032
YKFWS,6.3100000000000005,8.14846
GAGSW,0.6400000000000001,3.70309
VHPLM,-2.644,6.1861999999999995
CCHAE,4.182,4.58888
FHDIN,9.672,6.1625
MAGKA,1.0919999999999996,4.162
MNIRG,11.27,5.669700000000001
CESGS,4.962,3.55598
TQRAL,0.5920000000000001,5.56477
VEFSF,2.895999999999999,6.09632
SYDAD,10.242,4.704079999999999
NFKCF,5.6339999999999995,6.59562
SDMPN,7.758,4.703189999999999
TVNAE,8.908000000000001,4.61128
FVGPR,-2.4840000000000004,5.1986799999999995
FMNSW,-0.03799999999999948,6.28805
MNVSE,7.242000000000001,4.9901
HGLET,6.918,4.90668
TNVMT,0.1600000000000006,5.35968
PHPVQ,6.796000000000001,5.39916
TLIHP,-3.2719999999999994,6.24538
QWTRW,7.704000000000002,7.97396
CIMGA,-11.904,4.7146
WDCSE,8.920000000000002,5.137370000000001
WPQAY,4.720000000000001,5.94524
RPISF,2.348,5.73189
MISRC,-0.8400000000000007,5.76241
FEKIL,-0.6400000000000001,7.2763
HPEPQ,7.835999999999999,5.21192
QNDNL,4.97,5.05602
SDCIP,0.9999999999999998,4.68161
VLQND,-1.9320000000000004,5.648020000000001
CDALQ,4.922,4.88306
VKFNW,9.329999999999998,7.27088
IWKIH,7.198000000000001,8.27312
DRYIT,4.880000000000001,6.91158
HRMRN,11.43,6.94229
KEVNS,11.59,5.3033
MSCLI,-14.136,5.54042
HWVEM,7.15,7.345609999999999
MPYCC,-3.608,5.5830400000000004
FDDRA,7.999999999999998,5.3918099999999995
IKQCP,6.43,5.8685599999999996
PIFYS,-3.44,6.8536
MFYHL,-1.935999999999999,7.97566
MYTRD,6.0120000000000005,6.562749999999999
EPKQN,8.251999999999999,5.61294
FFYLI,-13.352,8.46876
RAHEQ,11.402,5.5610800000000005
RVTKV,10.658000000000001,6.18904
VFQAS,-2.444,5.46209
IFYDK,-1.3120000000000012,7.37266
MIREE,5.32,6.84084
FWEFQ,7.134,8.25014
YTKIE,12.852,6.68516
EVHLV,1.967999999999999,6.366339999999999
FLHDG,-0.31599999999999984,5.80745
SMSCL,-6.172000000000001,4.761279999999999
YHFNV,6.659999999999999,6.82356
MCDKK,5.047999999999999,5.87568
RVYIN,11.172000000000002,6.99606
TIPLQ,3.9459999999999997,5.9203399999999995
TVCKG,0.26599999999999957,4.74752
YLWWQ,3.1199999999999997,9.391300000000001
SHYLT,1.936,6.418200000000001
QQKVI,-2.424000000000001,6.536989999999999
NLEKL,11.193999999999999,6.54712
IEDFK,12.224,6.58871
CSAPP,0.5120000000000001,3.7403199999999996
TGFTV,-3.012,4.79892
IALKW,-3.4659999999999993,6.9322
WHLIP,-2.2039999999999993,7.3083100000000005
HFDIV,0.7819999999999996,6.54186
EFMWW,3.056,9.06509
WGEPS,5.532,4.54972
WARMY,8.047999999999998,7.049759999999999
VPHRM,3.2099999999999995,6.31933
WHFYA,3.0520000000000005,7.76327
SQGNL,5.06,4.27213
KSDRW,10.236,6.33915
MCYNI,-1.3400000000000007,6.09298
QQATY,4.640000000000001,5.38387
FDHEK,8.29,6.2628
MHQTD,6.696,5.70887
GICKK,0.9780000000000006,5.57768
VQVFQ,2.1279999999999992,6.58081
KFPAM,3.6719999999999997,5.90596
IYQSM,-0.636,6.36846
GMMFP,-4.417999999999999,6.057499999999999
FTMYM,-2.034,7.20744
EHKPR,10.435999999999998,6.270300000000001
QPDNL,6.109999999999999,5.03078
VLYTQ,-4.8759999999999994,6.6176200000000005
TITPE,3.0160000000000005,5.2488
NVNVW,9.176,6.0648
PVVTG,-6.212000000000001,4.5944
SALIF,-16.700000000000003,5.931100000000001
FKTYN,7.3260000000000005,6.7689
CAWKY,0.6479999999999999,6.9212
CRTYE,9.527999999999999,6.27322
HNYEI,6.19,6.48958
RWNIF,1.9700000000000006,7.808409999999999
PYHPD,7.0680000000000005,5.82639
HRIHV,9.998,6.98515
AGHVW,2.132,5.3698
