round,sequence,mean_affinity,max_affinity,mean_solubility,max_solubility,seed
0,LHFRL,6.238175385281893,10.08844,4.7788706931863425,15.370000000000001,42
0,WIRWQ,6.238175385281893,10.08844,4.7788706931863425,15.370000000000001,42
0,VRLVR,6.238175385281893,10.08844,4.7788706931863425,15.370000000000001,42
0,HFKHY,6.238175385281893,10.08844,4.7788706931863425,15.370000000000001,42
0,WNKYA,6.238175385281893,10.08844,4.7788706931863425,15.370000000000001,42
0,YMADI,6.238175385281893,10.08844,4.7788706931863425,15.370000000000001,42
0,MDVWR,6.238175385281893,10.08844,4.7788706931863425,15.370000000000001,42
0,INIEA,6.238175385281893,10.08844,4.7788706931863425,15.370000000000001,42
0,HYHKP,6.238175385281893,10.08844,4.7788706931863425,15.370000000000001,42
0,GDFWM,6.238175385281893,10.08844,4.7788706931863425,15.370000000000001,42
1,WRMWY,6.446405452677745,10.08844,5.023674715816786,15.370000000000001,42
1,EFFRK,6.446405452677745,10.08844,5.023674715816786,15.370000000000001,42
1,HIMHI,6.446405452677745,10.08844,5.023674715816786,15.370000000000001,42
1,YQFKV,6.446405452677745,10.08844,5.023674715816786,15.370000000000001,42
1,KYREE,6.446405452677745,10.08844,5.023674715816786,15.370000000000001,42
1,DWYWC,6.446405452677745,10.08844,5.023674715816786,15.370000000000001,42
1,LTYYQ,6.446405452677745,10.08844,5.023674715816786,15.370000000000001,42
1,AEIWK,6.446405452677745,10.08844,5.023674715816786,15.370000000000001,42
1,NFFFK,6.446405452677745,10.08844,5.023674715816786,15.370000000000001,42
1,INHFR,6.446405452677745,10.08844,5.023674715816786,15.370000000000001,42
2,HRFKQ,6.570295207415354,10.08844,5.187172489560448,15.370000000000001,42
2,PYQWM,6.570295207415354,10.08844,5.187172489560448,15.370000000000001,42
2,NMWYD,6.570295207415354,10.08844,5.187172489560448,15.370000000000001,42
2,HRSFW,6.570295207415354,10.08844,5.187172489560448,15.370000000000001,42
2,TVKWM,6.570295207415354,10.08844,5.187172489560448,15.370000000000001,42
2,TWNRW,6.570295207415354,10.08844,5.187172489560448,15.370000000000001,42
2,KKQLY,6.570295207415354,10.08844,5.187172489560448,15.370000000000001,42
2,LQHFK,6.570295207415354,10.08844,5.187172489560448,15.370000000000001,42
2,YRMPF,6.570295207415354,10.08844,5.187172489560448,15.370000000000001,42
2,THHIW,6.570295207415354,10.08844,5.187172489560448,15.370000000000001,42
3,VWCRI,6.658264299784935,10.08844,5.325045250810198,15.370000000000001,42
3,YMYRY,6.658264299784935,10.08844,5.325045250810198,15.370000000000001,42
3,FKFKR,6.658264299784935,10.08844,5.325045250810198,15.370000000000001,42
3,IHHWE,6.658264299784935,10.08844,5.325045250810198,15.370000000000001,42
3,ERSWW,6.658264299784935,10.08844,5.325045250810198,15.370000000000001,42
3,HVQFI,6.658264299784935,10.08844,5.325045250810198,15.370000000000001,42
3,GWKIK,6.658264299784935,10.08844,5.325045250810198,15.370000000000001,42
3,KAWWC,6.658264299784935,10.08844,5.325045250810198,15.370000000000001,42
3,HKKYS,6.658264299784935,10.08844,5.325045250810198,15.370000000000001,42
3,LTWHD,6.658264299784935,10.08844,5.325045250810198,15.370000000000001,42
4,WQMQY,6.755439589178032,10.08844,5.455413336132016,15.370000000000001,42
4,LYWIK,6.755439589178032,10.08844,5.455413336132016,15.370000000000001,42
4,NKIWR,6.755439589178032,10.08844,5.455413336132016,15.370000000000001,42
4,FRRLD,6.755439589178032,10.08844,5.455413336132016,15.370000000000001,42
4,MWEWI,6.755439589178032,10.08844,5.455413336132016,15.370000000000001,42
4,YKLFQ,6.755439589178032,10.08844,5.455413336132016,15.370000000000001,42
4,IRVWN,6.755439589178032,10.08844,5.455413336132016,15.370000000000001,42
4,EIQLI,6.755439589178032,10.08844,5.455413336132016,15.370000000000001,42
4,PQWIP,6.755439589178032,10.08844,5.455413336132016,15.370000000000001,42
4,EHAWR,6.755439589178032,10.08844,5.455413336132016,15.370000000000001,42
5,EWYHE,6.855868637293183,10.08844,5.446314136297612,15.370000000000001,42
5,LKWLN,6.855868637293183,10.08844,5.446314136297612,15.370000000000001,42
5,HYYVW,6.855868637293183,10.08844,5.446314136297612,15.370000000000001,42
5,QHFLR,6.855868637293183,10.08844,5.446314136297612,15.370000000000001,42
5,QHYWT,6.855868637293183,10.08844,5.446314136297612,15.370000000000001,42
5,FWLCR,6.855868637293183,10.08844,5.446314136297612,15.370000000000001,42
5,KRRYS,6.855868637293183,10.08844,5.446314136297612,15.370000000000001,42
5,WFQFG,6.855868637293183,10.08844,5.446314136297612,15.370000000000001,42
5,QYHMM,6.855868637293183,10.08844,5.446314136297612,15.370000000000001,42
5,RPKIW,6.855868637293183,10.08844,5.446314136297612,15.370000000000001,42
6,QWWYV,6.906957294587396,10.08844,5.418537564870553,15.370000000000001,42
6,ENYFY,6.906957294587396,10.08844,5.418537564870553,15.370000000000001,42
6,WHPYR,6.906957294587396,10.08844,5.418537564870553,15.370000000000001,42
6,MRRCY,6.906957294587396,10.08844,5.418537564870553,15.370000000000001,42
6,VYHMR,6.906957294587396,10.08844,5.418537564870553,15.370000000000001,42
6,IFQHK,6.906957294587396,10.08844,5.418537564870553,15.370000000000001,42
6,KVYRE,6.906957294587396,10.08844,5.418537564870553,15.370000000000001,42
6,ATFWK,6.906957294587396,10.08844,5.418537564870553,15.370000000000001,42
6,KHKFP,6.906957294587396,10.08844,5.418537564870553,15.370000000000001,42
6,FWSIP,6.906957294587396,10.08844,5.418537564870553,15.370000000000001,42
7,PWLFQ,6.985205012199568,10.08844,5.24878140999214,15.370000000000001,42
7,RWVFQ,6.985205012199568,10.08844,5.24878140999214,15.370000000000001,42
7,NQMWW,6.985205012199568,10.08844,5.24878140999214,15.370000000000001,42
7,IQWFN,6.985205012199568,10.08844,5.24878140999214,15.370000000000001,42
7,HQMYW,6.985205012199568,10.08844,5.24878140999214,15.370000000000001,42
7,KQMWV,6.985205012199568,10.08844,5.24878140999214,15.370000000000001,42
7,FQYMM,6.985205012199568,10.08844,5.24878140999214,15.370000000000001,42
7,WRPWT,6.985205012199568,10.08844,5.24878140999214,15.370000000000001,42
7,RIMYI,6.985205012199568,10.08844,5.24878140999214,15.370000000000001,42
7,YQTHW,6.985205012199568,10.08844,5.24878140999214,15.370000000000001,42
8,FWMHM,7.088833233983882,11.091983891300258,5.208422684338651,15.370000000000001,42
8,WFWHV,7.088833233983882,11.091983891300258,5.208422684338651,15.370000000000001,42
8,FWKVK,7.088833233983882,11.091983891300258,5.208422684338651,15.370000000000001,42
8,YFWCR,7.088833233983882,11.091983891300258,5.208422684338651,15.370000000000001,42
8,LQFWG,7.088833233983882,11.091983891300258,5.208422684338651,15.370000000000001,42
8,RKWYL,7.088833233983882,11.091983891300258,5.208422684338651,15.370000000000001,42
8,FWEEV,7.088833233983882,11.091983891300258,5.208422684338651,15.370000000000001,42
8,RKWFP,7.088833233983882,11.091983891300258,5.208422684338651,15.370000000000001,42
8,KLIHF,7.088833233983882,11.091983891300258,5.208422684338651,15.370000000000001,42
8,NLKFV,7.088833233983882,11.091983891300258,5.208422684338651,15.370000000000001,42
9,LWFPK,7.148140646977505,11.091983891300258,5.1916871779423435,15.370000000000001,42
9,LYFMH,7.148140646977505,11.091983891300258,5.1916871779423435,15.370000000000001,42
9,AMWYY,7.148140646977505,11.091983891300258,5.1916871779423435,15.370000000000001,42
9,HLKYR,7.148140646977505,11.091983891300258,5.1916871779423435,15.370000000000001,42
9,YIKKL,7.148140646977505,11.091983891300258,5.1916871779423435,15.370000000000001,42
9,KMSWW,7.148140646977505,11.091983891300258,5.1916871779423435,15.370000000000001,42
9,LRILH,7.148140646977505,11.091983891300258,5.1916871779423435,15.370000000000001,42
9,FLRYP,7.148140646977505,11.091983891300258,5.1916871779423435,15.370000000000001,42
9,VNWYY,7.148140646977505,11.091983891300258,5.1916871779423435,15.370000000000001,42
9,LKMRQ,7.148140646977505,11.091983891300258,5.1916871779423435,15.370000000000001,42
